<?xml version="1.0" encoding="UTF-8"?>
<con:soapui-project id="3e9149ee-1f66-43cc-95f0-c7118818f642" activeEnvironment="Default" name="WSO2Issue001FaultMock" resourceRoot="" soapui-version="5.1.3" abortOnError="false" runType="SEQUENTIAL" xmlns:con="http://eviware.com/soapui/config"><con:settings/><con:interface xsi:type="con:WsdlInterface" id="a834cfa0-0e69-414e-842b-c5a33843e13f" wsaVersion="NONE" name="ItemsServiceSOAP" type="wsdl" bindingName="{http://www.singhpora.com/ItemsService}ItemsServiceSOAP" soapVersion="1_1" anonymous="optional" definition="file:/B:/Workspace/GitHub/wso2-toolchain/Issues/Issue0001Fault/Issue0001Fault/src/wsdl/MockService.wsdl" xmlns:xsi="http://www.w3.org/2001/XMLSchema-instance"><con:settings/><con:definitionCache type="TEXT" rootPart="file:\B:\Workspace\GitHub\wso2-toolchain\Issues\Issue0001Fault\Issue0001Fault\src\wsdl\MockService.wsdl"><con:part><con:url>file:\B:\Workspace\GitHub\wso2-toolchain\Issues\Issue0001Fault\Issue0001Fault\src\wsdl\MockService.wsdl</con:url><con:content><![CDATA[<wsdl:definitions name="MockService" targetNamespace="http://www.singhpora.com/ItemsService" xmlns:ds="http://www.singhpora.com/ItemsService" xmlns:soap="http://schemas.xmlsoap.org/wsdl/soap/" xmlns:wsdl="http://schemas.xmlsoap.org/wsdl/" xmlns:xsd="http://www.w3.org/2001/XMLSchema">
  <wsdl:types>
    <xsd:schema targetNamespace="http://www.singhpora.com/ItemsService">
      <xsd:element name="findItems">
        <xsd:complexType>
          <xsd:sequence>
            <xsd:element name="ItemType" type="xsd:string"/>
          </xsd:sequence>
        </xsd:complexType>
      </xsd:element>
      <xsd:element name="findItemsResponse">
        <xsd:complexType>
          <xsd:sequence>
            <xsd:element name="Items" type="ds:ItemsListType"/>
          </xsd:sequence>
        </xsd:complexType>
      </xsd:element>
      <xsd:complexType name="ItemsListType">
        <xsd:sequence>
          <xsd:element name="Doctor" type="ds:DoctorType"/>
        </xsd:sequence>
      </xsd:complexType>
      <xsd:complexType name="DoctorType">
        <xsd:sequence>
          <xsd:element name="FullName"/>
          <xsd:element name="Address"/>
          <xsd:element name="Specialism"/>
        </xsd:sequence>
      </xsd:complexType>
    </xsd:schema>
  </wsdl:types>
  <wsdl:message name="findItemsRequest">
    <wsdl:part element="ds:findItems" name="parameters"/>
  </wsdl:message>
  <wsdl:message name="findItemsResponse">
    <wsdl:part element="ds:findItemsResponse" name="parameters"/>
  </wsdl:message>
  <wsdl:portType name="ItemsService">
    <wsdl:operation name="findItems">
      <wsdl:input message="ds:findItemsRequest"/>
      <wsdl:output message="ds:findItemsResponse"/>
    </wsdl:operation>
  </wsdl:portType>
  <wsdl:binding name="ItemsServiceSOAP" type="ds:ItemsService">
    <soap:binding style="document" transport="http://schemas.xmlsoap.org/soap/http"/>
    <wsdl:operation name="findItems">
      <soap:operation soapAction="http://www.singhpora.com/ItemsService/findItems"/>
      <wsdl:input>
        <soap:body use="literal"/>
      </wsdl:input>
      <wsdl:output>
        <soap:body use="literal"/>
      </wsdl:output>
    </wsdl:operation>
  </wsdl:binding>
  <wsdl:service name="ItemsService">
    <wsdl:port binding="ds:ItemsServiceSOAP" name="ItemsServiceSOAP">
      <soap:address location="http://localhost:0000/"/>
    </wsdl:port>
  </wsdl:service>
</wsdl:definitions>]]></con:content><con:type>http://schemas.xmlsoap.org/wsdl/</con:type></con:part></con:definitionCache><con:endpoints><con:endpoint>http://localhost:8088/mockItemsServiceSOAP</con:endpoint><con:endpoint>http://localhost:8280/services/Issue0001Proxy?wsdl</con:endpoint></con:endpoints><con:operation id="bcefe0b8-ce16-4d0d-ab6b-4053db699a58" isOneWay="false" action="http://www.singhpora.com/ItemsService/findItems" name="findItems" bindingOperationName="findItems" type="Request-Response" inputName="" receivesAttachments="false" sendsAttachments="false" anonymous="optional"><con:settings/><con:call id="3ebfa4ba-14fe-4c85-89be-3acddce5ad13" name="Request 1"><con:settings><con:setting id="com.eviware.soapui.impl.wsdl.WsdlRequest@request-headers">&lt;xml-fragment/></con:setting></con:settings><con:encoding>UTF-8</con:encoding><con:endpoint>http://localhost:8088/mockItemsServiceSOAP</con:endpoint><con:request><![CDATA[<soapenv:Envelope xmlns:soapenv="http://schemas.xmlsoap.org/soap/envelope/" xmlns:item="http://www.singhpora.com/ItemsService">\r
   <soapenv:Header/>\r
   <soapenv:Body>\r
      <item:findItems>\r
         <ItemType>test</ItemType>\r
      </item:findItems>\r
   </soapenv:Body>\r
</soapenv:Envelope>]]></con:request><con:credentials><con:authType>No Authorization</con:authType></con:credentials><con:jmsConfig JMSDeliveryMode="PERSISTENT"/><con:jmsPropertyConfig/><con:wsaConfig mustUnderstand="NONE" version="200508" action="http://www.singhpora.com/ItemsService/findItems"/><con:wsrmConfig version="1.2"/></con:call><con:call id="7767dda0-4a48-47f7-870a-7222d5323738" name="MalformedRequest"><con:settings><con:setting id="com.eviware.soapui.impl.wsdl.WsdlRequest@request-headers">&lt;xml-fragment/></con:setting></con:settings><con:encoding>UTF-8</con:encoding><con:endpoint>http://localhost:8280/services/Issue0001Proxy?wsdl</con:endpoint><con:request><![CDATA[<soapenv:Envelope xmlns:soapenv="http://schemas.xmlsoap.org/soap/envelope/" xmlns:item="http://www.singhpora.com/ItemsService">\r
   <soapenv:Header/>\r
   <soapenv:Body>\r
      <item:findItems>\r
         <ItemType>test</ItemType>\r
      <random>\r
   </soapenv:Body>\r
</soapenv:Envelope>]]></con:request><con:credentials><con:authType>No Authorization</con:authType></con:credentials><con:jmsConfig JMSDeliveryMode="PERSISTENT"/><con:jmsPropertyConfig/><con:wsaConfig mustUnderstand="NONE" version="200508" action="http://www.singhpora.com/ItemsService/findItems"/><con:wsrmConfig version="1.2"/></con:call></con:operation></con:interface><con:mockService id="c2ac09d0-c908-48f2-92c2-6c9958bc5ac5" port="8088" path="/mockItemsServiceSOAP" host="localhost" name="ItemsServiceSOAP MockService" bindToHostOnly="false" docroot=""><con:settings><con:setting id="com.eviware.soapui.impl.wsdl.mock.WsdlMockService@require-soap-action">false</con:setting></con:settings><con:properties/><con:mockOperation name="findItems" id="086e2321-13bc-41ab-abd8-edd732f896fa" interface="ItemsServiceSOAP" operation="findItems"><con:settings/><con:defaultResponse>Response 1</con:defaultResponse><con:dispatchStyle>SEQUENCE</con:dispatchStyle><con:response name="Response 1" id="dc4471a1-1e56-4fe2-80a0-0fde6f2e56f3" httpResponseStatus="200" encoding="UTF-8"><con:settings/><con:responseContent><![CDATA[<soapenv:Envelope xmlns:soapenv="http://schemas.xmlsoap.org/soap/envelope/" xmlns:item="http://www.singhpora.com/ItemsService">
   <soapenv:Header/>
   <soapenv:Body>
      <item:findItemsResponse>
         <Items>
            <Doctor>
               <FullName>test</FullName>
               <Address>test</Address>
               <Specialism>test</Specialism>
            </Doctor>
         </Items>
      </item:findItemsResponse>
   </soapenv:Body>
</soapenv:Envelope>]]></con:responseContent><con:wsaConfig mustUnderstand="NONE" version="200508" action="http://www.singhpora.com/ItemsService/findItems"/></con:response><con:dispatchConfig/></con:mockOperation></con:mockService><con:properties/><con:wssContainer/><con:oAuth2ProfileContainer/></con:soapui-project>